data,marketplace,sku,campanha,investimento,receita_atribuida
2026-09-15,Mercado Livre,ML-001,Campanha Eletrônicos,36.0,259.8
2026-09-15,Mercado Livre,ML-002,Campanha Acessórios,28.5,179.7
2026-09-16,Mercado Livre,ML-003,Campanha Informática,18.45,89.9
2026-09-17,Mercado Livre,ML-004,Campanha Informática,66.0,439.8
2026-09-18,Mercado Livre,ML-005,Campanha Acessórios,22.0,159.6
2026-09-19,Mercado Livre,ML-006,Campanha Informática,31.2,179.9
2026-09-20,Mercado Livre,ML-007,Campanha Eletrônicos,36.75,239.7
2026-09-21,Mercado Livre,ML-008,Campanha Informática,15.2,99.9
2026-09-22,Mercado Livre,ML-002,Campanha Acessórios,25.2,119.8
2026-09-23,Mercado Livre,ML-001,Campanha Eletrônicos,39.0,259.8
2026-09-24,Mercado Livre,ML-004,Campanha Informática,58.8,219.9
2026-09-25,Mercado Livre,ML-005,Campanha Acessórios,15.5,79.8
2026-09-26,Mercado Livre,ML-007,Campanha Eletrônicos,31.5,159.8
2026-09-27,Mercado Livre,ML-006,Campanha Informática,38.4,179.9
2026-09-28,Mercado Livre,ML-003,Campanha Informática,21.6,179.8
